sample_index,absolute_token_position,template_id,template_metadata.prompt_framing,template_metadata.output_format,task,task_metadata.task_family,task_metadata.difficulty,task_metadata.domain,task_metadata.complexity,task_metadata.planning_type,task_metadata.stakes,task_metadata.agency,quantity,quantity_text,base_value,base_unit,unit_variant,number_format,value,value_text,unit,source_folder,time_horizon_months,source_sample_count,PLS1,PLS2,PLS3,log10_time_horizon_months,reconstruction_residual_rms
0,-1,task_available_time,<averaged>,N/A,answer a yes-or-no question,quick_decision,low,communication,low,reactive,low,individual,N/A,N/A,1,seconds,original,numeric,1,1,second,<averaged>,3.80257e-07,264,-61.20101015598835,27.37511574470223,-16.56996593565993,-6.4199227824468466,0.08900464634491818
2,-1,task_available_time,<averaged>,N/A,answer a yes-or-no question,quick_decision,low,communication,low,reactive,low,individual,N/A,N/A,2,seconds,original,numeric,2,2,seconds,<averaged>,7.60514e-07,264,-68.26580115792136,26.744366709796935,-9.937885201549207,-6.118892786782865,0.07445892018136635
4,-1,task_available_time,<averaged>,N/A,answer a yes-or-no question,quick_decision,low,communication,low,reactive,low,individual,N/A,N/A,3,seconds,original,numeric,3,3,seconds,<averaged>,1.140771e-06,264,-67.51818433625492,25.788434982631195,-8.428968946217228,-5.942801527727185,0.06875619717218497
6,-1,task_available_time,<averaged>,N/A,answer a yes-or-no question,quick_decision,low,communication,low,reactive,low,individual,N/A,N/A,4,seconds,original,numeric,4,4,seconds,<averaged>,1.521028e-06,264,-65.59900662881813,23.62740806612107,-8.638323056264948,-5.817862791118885,0.06436588959000718
8,-1,task_available_time,<averaged>,N/A,answer a yes-or-no question,quick_decision,low,communication,low,reactive,low,individual,N/A,N/A,5,seconds,original,numeric,5,5,seconds,<averaged>,1.901285e-06,264,-69.13818040323767,24.6440010382492,-6.65708852767375,-5.720952778110828,0.06632303490353952
10,-1,task_available_time,<averaged>,N/A,answer a yes-or-no question,quick_decision,low,communication,low,reactive,low,individual,N/A,N/A,10,seconds,original,numeric,10,10,seconds,<averaged>,3.802571e-06,264,-69.28896581115804,22.29014459066813,-3.2335866767931334,-5.419922668236083,0.05944622214824208
12,-1,task_available_time,<averaged>,N/A,answer a yes-or-no question,quick_decision,low,communication,low,reactive,low,individual,N/A,N/A,20,seconds,original,numeric,20,20,seconds,<averaged>,7.605141e-06,264,-69.75233791273838,18.656639929555595,1.857738576938738,-5.11889272967748,0.05487463787488913
14,-1,task_available_time,<averaged>,N/A,answer a yes-or-no question,quick_decision,low,communication,low,reactive,low,individual,N/A,N/A,30,seconds,original,numeric,30,30,seconds,<averaged>,1.1407712e-05,264,-68.95249328381166,16.03305220548959,4.508213980894436,-4.942801451586671,0.055729670843335896
16,-1,task_available_time,<averaged>,N/A,answer a yes-or-no question,quick_decision,low,communication,low,reactive,low,individual,N/A,N/A,50,seconds,original,numeric,50,50,seconds,<averaged>,1.9012853e-05,264,-62.27780217424118,14.265243268980907,0.3713336953811809,-4.720952709584366,0.048606319455564
18,-1,task_available_time,<averaged>,N/A,answer a yes-or-no question,quick_decision,low,communication,low,reactive,low,individual,N/A,N/A,70,seconds,original,numeric,70,70,seconds,<averaged>,2.6617994e-05,264,-59.5257251896871,14.05817677962499,-0.8691752867916085,-4.574824677169293,0.04836990311504619
20,-1,task_available_time,<averaged>,N/A,answer a yes-or-no question,quick_decision,low,communication,low,reactive,low,individual,N/A,N/A,100,seconds,original,numeric,100,100,seconds,<averaged>,3.8025705e-05,264,-51.80070623260326,12.754524643779757,-10.385073440855932,-4.419922725341461,0.056113418089776
22,-1,task_available_time,<averaged>,N/A,build proficiency in a new language,skill_learning,medium,personal_lifestyle,medium,learning,medium,individual,N/A,N/A,1,months,original,numeric,1,1,month,<averaged>,1.0,2244,10.807225049042358,-28.53743494738551,12.480725007294883,0.0,0.035600311554075684
26,-1,task_available_time,<averaged>,N/A,build proficiency in a new language,skill_learning,medium,personal_lifestyle,medium,learning,medium,individual,N/A,N/A,2,months,original,numeric,2,2,months,<averaged>,2.0,2244,15.197030752147834,-30.988246704329512,7.715766988323912,0.3010299956639812,0.0329578794642978
30,-1,task_available_time,<averaged>,N/A,build proficiency in a new language,skill_learning,medium,personal_lifestyle,medium,learning,medium,individual,N/A,N/A,3,months,original,numeric,3,3,months,<averaged>,3.0,2244,17.582504144626068,-31.093679351346292,6.404406818309512,0.47712125471966244,0.036075294749663644
34,-1,task_available_time,<averaged>,N/A,build proficiency in a new language,skill_learning,medium,personal_lifestyle,medium,learning,medium,individual,N/A,N/A,4,months,original,numeric,4,4,months,<averaged>,4.0,2244,19.30212686345096,-30.943896886754708,3.204558661306198,0.6020599913279624,0.03654575431443717
38,-1,task_available_time,<averaged>,N/A,build proficiency in a new language,skill_learning,medium,personal_lifestyle,medium,learning,medium,individual,N/A,N/A,5,months,original,numeric,5,5,months,<averaged>,5.0,2244,20.002408761844485,-30.2607278763301,2.935901898417831,0.6989700043360189,0.03604722116682034
42,-1,task_available_time,<averaged>,N/A,build proficiency in a new language,skill_learning,medium,personal_lifestyle,medium,learning,medium,individual,N/A,N/A,10,months,original,numeric,10,10,months,<averaged>,10.0,2244,23.31537346038694,-25.926121627934283,-2.1169065943567817,1.0,0.035905695188822515
46,-1,task_available_time,<averaged>,N/A,build proficiency in a new language,skill_learning,medium,personal_lifestyle,medium,learning,medium,individual,N/A,N/A,20,months,original,numeric,20,20,months,<averaged>,20.0,2244,27.075622847821762,-20.774400518219178,-8.01377204970409,1.3010299956639813,0.036833869312723866
50,-1,task_available_time,<averaged>,N/A,build proficiency in a new language,skill_learning,medium,personal_lifestyle,medium,learning,medium,individual,N/A,N/A,30,months,original,numeric,30,30,months,<averaged>,30.0,2244,28.273650033715988,-16.37984686500387,-11.227670026231376,1.4771212547196624,0.035693848784165955
54,-1,task_available_time,<averaged>,N/A,build proficiency in a new language,skill_learning,medium,personal_lifestyle,medium,learning,medium,individual,N/A,N/A,50,months,original,numeric,50,50,months,<averaged>,50.0,2244,28.820598796835167,-7.96338958112024,-16.0046114729053,1.6989700043360187,0.03312539011615639
58,-1,task_available_time,<averaged>,N/A,build proficiency in a new language,skill_learning,medium,personal_lifestyle,medium,learning,medium,individual,N/A,N/A,70,months,original,numeric,70,70,months,<averaged>,70.0,2244,29.075309389008574,0.5442667277138998,-23.026051347131855,1.845098040014257,0.045625471626007726
62,-1,task_available_time,<averaged>,N/A,build proficiency in a new language,skill_learning,medium,personal_lifestyle,medium,learning,medium,individual,N/A,N/A,100,months,original,numeric,100,100,months,<averaged>,100.0,2244,29.24215222304571,3.244390468040807,-20.405057988016893,2.0,0.04293811363805034
66,-1,task_available_time,<averaged>,N/A,build proficiency in a new language,skill_learning,medium,personal_lifestyle,medium,learning,medium,individual,N/A,N/A,1,weeks,original,numeric,1,1,week,<averaged>,0.229979466119,1980,2.213898304224582,-26.396377028154383,16.90015373215028,-0.6383109385446349,0.05123376385480639
70,-1,task_available_time,<averaged>,N/A,build proficiency in a new language,skill_learning,medium,personal_lifestyle,medium,learning,medium,individual,N/A,N/A,2,weeks,original,numeric,2,2,weeks,<averaged>,0.459958932238,1980,6.102075496770208,-30.14961865658471,12.922068997518398,-0.3372809428806538,0.03848439729966512
74,-1,task_available_time,<averaged>,N/A,build proficiency in a new language,skill_learning,medium,personal_lifestyle,medium,learning,medium,individual,N/A,N/A,3,weeks,original,numeric,3,3,weeks,<averaged>,0.689938398357,1980,10.403768159019313,-31.466985374395893,10.194994581782945,-0.16118968382497253,0.03392093327051768
78,-1,task_available_time,<averaged>,N/A,build proficiency in a new language,skill_learning,medium,personal_lifestyle,medium,learning,medium,individual,N/A,N/A,4,weeks,original,numeric,4,4,weeks,<averaged>,0.919917864476,1980,12.467271640359236,-33.0259994517875,8.899000996789884,-0.03625094721667258,0.031965237185347564
82,-1,task_available_time,<averaged>,N/A,build proficiency in a new language,skill_learning,medium,personal_lifestyle,medium,learning,medium,individual,N/A,N/A,5,weeks,original,numeric,5,5,weeks,<averaged>,1.149897330595,1980,13.476496596009643,-33.49711631285846,8.006748543633979,0.06065906579138383,0.032252069573777645
86,-1,task_available_time,<averaged>,N/A,build proficiency in a new language,skill_learning,medium,personal_lifestyle,medium,learning,medium,individual,N/A,N/A,<averaged>,<averaged>,original,numeric,10,10,weeks,<averaged>,2.299794661191,4092,13.767050816670524,-22.06223387359984,-3.6245359374415713,0.3616890614555539,0.018701275843941184
90,-1,task_available_time,<averaged>,N/A,build proficiency in a new language,skill_learning,medium,personal_lifestyle,medium,learning,medium,individual,N/A,N/A,20,weeks,original,numeric,20,20,weeks,<averaged>,4.599589322382,1980,20.369655393065475,-31.715062196930912,0.1519521881042013,0.662719057119535,0.0365558030155772
94,-1,task_available_time,<averaged>,N/A,build proficiency in a new language,skill_learning,medium,personal_lifestyle,medium,learning,medium,individual,N/A,N/A,30,weeks,original,numeric,30,30,weeks,<averaged>,6.899383983573,1980,22.786271091198255,-27.49051629881978,-5.690554665692858,0.8388103161752163,0.035736777451752064
98,-1,task_available_time,<averaged>,N/A,build proficiency in a new language,skill_learning,medium,personal_lifestyle,medium,learning,medium,individual,N/A,N/A,50,weeks,original,numeric,50,50,weeks,<averaged>,11.498973305955,1980,23.713598165357432,-21.23632134204164,-9.593694682604799,1.0606590657915727,0.03470451472477469
102,-1,task_available_time,<averaged>,N/A,build proficiency in a new language,skill_learning,medium,personal_lifestyle,medium,learning,medium,individual,N/A,N/A,70,weeks,original,numeric,70,70,weeks,<averaged>,16.098562628337,1980,24.713780088617373,-16.490414669047855,-15.388072072032422,1.2067871014698106,0.040508895005409266
106,-1,task_available_time,<averaged>,N/A,build proficiency in a new language,skill_learning,medium,personal_lifestyle,medium,learning,medium,individual,N/A,N/A,100,weeks,original,numeric,100,100,weeks,<averaged>,22.99794661191,1980,26.191817048512487,-15.47939999885615,-12.653762700057618,1.361689061455554,0.03761834828395615
110,-1,task_available_time,<averaged>,N/A,build proficiency in a new language,skill_learning,medium,personal_lifestyle,medium,learning,medium,individual,N/A,N/A,1,years,original,numeric,1,1,year,<averaged>,12.0,1320,23.824843341986057,-17.39539491076765,7.470332849002569,1.0791812460476249,0.05521395704974323
114,-1,task_available_time,<averaged>,N/A,build proficiency in a new language,skill_learning,medium,personal_lifestyle,medium,learning,medium,individual,N/A,N/A,2,years,original,numeric,2,2,years,<averaged>,24.0,1320,27.228939356177523,-17.005808631377185,2.8265065281054755,1.380211241711606,0.05880773194391554
118,-1,task_available_time,<averaged>,N/A,build proficiency in a new language,skill_learning,medium,personal_lifestyle,medium,learning,medium,individual,N/A,N/A,3,years,original,numeric,3,3,years,<averaged>,36.0,1320,29.59586616560169,-14.54275284650954,0.4433912214336726,1.5563025007672873,0.059994045910556605
122,-1,task_available_time,<averaged>,N/A,build proficiency in a new language,skill_learning,medium,personal_lifestyle,medium,learning,medium,individual,N/A,N/A,4,years,original,numeric,4,4,years,<averaged>,48.0,1320,29.8387470295002,-13.237674520045864,-1.0397727637153633,1.6812412373755872,0.05812478014049125
126,-1,task_available_time,<averaged>,N/A,build proficiency in a new language,skill_learning,medium,personal_lifestyle,medium,learning,medium,individual,N/A,N/A,5,years,original,numeric,5,5,years,<averaged>,60.0,1320,30.522649490217773,-9.359562838571282,-2.9369910275607154,1.7781512503836436,0.053554458100696575
130,-1,task_available_time,<averaged>,N/A,build proficiency in a new language,skill_learning,medium,personal_lifestyle,medium,learning,medium,individual,N/A,N/A,<averaged>,<averaged>,original,numeric,10,10,years,<averaged>,120.0,2640,34.338657005402744,-1.252577157303181,1.2118499261784486,2.0791812460476247,0.0570446704727285
134,-1,task_available_time,<averaged>,N/A,build proficiency in a new language,skill_learning,medium,personal_lifestyle,medium,learning,medium,individual,N/A,N/A,<averaged>,<averaged>,original,numeric,20,20,years,<averaged>,240.0,2640,36.17922510226023,6.565923075002425,-2.311855395605841,2.380211241711606,0.04758843050983973
138,-1,task_available_time,<averaged>,N/A,build proficiency in a new language,skill_learning,medium,personal_lifestyle,medium,learning,medium,individual,N/A,N/A,<averaged>,<averaged>,original,numeric,30,30,years,<averaged>,360.0,2640,37.21339082716645,10.938044076596732,-2.2766696449725896,2.5563025007672873,0.04373259548814474
142,-1,task_available_time,<averaged>,N/A,build proficiency in a new language,skill_learning,medium,personal_lifestyle,medium,learning,medium,individual,N/A,N/A,<averaged>,<averaged>,original,numeric,50,50,years,<averaged>,600.0,2640,37.63570684398095,17.439234100020112,-2.244929184558019,2.7781512503836434,0.03216413898504482
146,-1,task_available_time,<averaged>,N/A,build proficiency in a new language,skill_learning,medium,personal_lifestyle,medium,learning,medium,individual,N/A,N/A,70,years,original,numeric,70,70,years,<averaged>,840.0,1320,33.38582493798596,28.66233416345902,-15.973798038528795,2.9242792860618816,0.04835820667424745
150,-1,task_available_time,<averaged>,N/A,build proficiency in a new language,skill_learning,medium,personal_lifestyle,medium,learning,medium,individual,N/A,N/A,<averaged>,<averaged>,original,numeric,100,100,years,<averaged>,1200.0,3432,39.545404872923214,22.417108569226663,2.515741993338005,3.0791812460476247,0.0295080443787792
154,-1,task_available_time,<averaged>,N/A,choose between two lunch options,personal_choice,low,personal_lifestyle,low,decision,low,individual,N/A,N/A,1,minutes,original,numeric,1,1,minute,<averaged>,2.2815423e-05,1056,-66.57552092149206,14.226900226089647,25.86493171238343,-4.641771474957817,0.05723442807539057
158,-1,task_available_time,<averaged>,N/A,choose between two lunch options,personal_choice,low,personal_lifestyle,low,decision,low,individual,N/A,N/A,2,minutes,original,numeric,2,2,minutes,<averaged>,4.5630846e-05,1056,-59.11637674321978,8.168521446563869,20.45287434639497,-4.340741479293836,0.052798520910072345
162,-1,task_available_time,<averaged>,N/A,choose between two lunch options,personal_choice,low,personal_lifestyle,low,decision,low,individual,N/A,N/A,3,minutes,original,numeric,3,3,minutes,<averaged>,6.844627e-05,1056,-54.55003578942204,5.649863792732151,17.09813015944074,-4.164650213893113,0.0528499925314757
166,-1,task_available_time,<averaged>,N/A,choose between two lunch options,personal_choice,low,personal_lifestyle,low,decision,low,individual,N/A,N/A,4,minutes,original,numeric,4,4,minutes,<averaged>,9.1261693e-05,1056,-48.60292807165285,4.9659758429628695,8.86375327482288,-4.039711478871073,0.05622931929413815
170,-1,task_available_time,<averaged>,N/A,choose between two lunch options,personal_choice,low,personal_lifestyle,low,decision,low,individual,N/A,N/A,5,minutes,original,numeric,5,5,minutes,<averaged>,0.000114077116,1056,-50.38787654507669,2.1606276708237298,12.079402186662362,-3.9428014668147733,0.050803198355738946
174,-1,task_available_time,<averaged>,N/A,choose between two lunch options,personal_choice,low,personal_lifestyle,low,decision,low,individual,N/A,N/A,10,minutes,original,numeric,10,10,minutes,<averaged>,0.000228154232,1056,-42.48201934594949,-0.709417451365656,2.849124327956691,-3.641771471150792,0.05430298966294188
178,-1,task_available_time,<averaged>,N/A,choose between two lunch options,personal_choice,low,personal_lifestyle,low,decision,low,individual,N/A,N/A,20,minutes,original,numeric,20,20,minutes,<averaged>,0.000456308465,1056,-34.271908936383674,-1.7820362243979124,-6.128672763016587,-3.3407414745350548,0.0583997515649385
182,-1,task_available_time,<averaged>,N/A,choose between two lunch options,personal_choice,low,personal_lifestyle,low,decision,low,individual,N/A,N/A,30,minutes,original,numeric,30,30,minutes,<averaged>,0.000684462697,1056,-31.390552667291377,-1.9365223335137347,-9.352674219590167,-3.1646502157966254,0.059948653735360104
186,-1,task_available_time,<averaged>,N/A,choose between two lunch options,personal_choice,low,personal_lifestyle,low,decision,low,individual,N/A,N/A,50,minutes,original,numeric,50,50,minutes,<averaged>,0.001140771161,1056,-26.375536664250216,-1.6357697452346114,-14.1914682400887,-2.9428014664340707,0.058508065112726076
190,-1,task_available_time,<averaged>,N/A,choose between two lunch options,personal_choice,low,personal_lifestyle,low,decision,low,individual,N/A,N/A,70,minutes,original,numeric,70,70,minutes,<averaged>,0.001597079626,1056,-21.87007058849398,1.0893812556586595,-21.527688732569683,-2.7966734305926746,0.0643174523386856
194,-1,task_available_time,<averaged>,N/A,choose between two lunch options,personal_choice,low,personal_lifestyle,low,decision,low,individual,N/A,N/A,100,minutes,original,numeric,100,100,minutes,<averaged>,0.002281542323,1056,-20.68471523450684,3.0952310814886763,-23.270439573875798,-2.641771470579738,0.06088448354354451
220,-1,task_available_time,<averaged>,N/A,coordinate a disaster relief effort,emergency_response,high,safety,high,coordination,high,multi_agent,N/A,N/A,1,days,original,numeric,1,1,day,<averaged>,0.032854209446,2112,-14.825233163113756,-14.180619678357939,20.309622812793613,-1.4834089785532265,0.05810530188549062
224,-1,task_available_time,<averaged>,N/A,coordinate a disaster relief effort,emergency_response,high,safety,high,coordination,high,multi_agent,N/A,N/A,2,days,original,numeric,2,2,days,<averaged>,0.065708418891,2112,-11.112004402715232,-20.14696157133413,16.327882897964283,-1.1823789828958549,0.046043493151052994
228,-1,task_available_time,<averaged>,N/A,coordinate a disaster relief effort,emergency_response,high,safety,high,coordination,high,multi_agent,N/A,N/A,3,days,original,numeric,3,3,days,<averaged>,0.098562628337,2112,-7.725461377045584,-21.34827467548012,14.158538511494955,-1.0062877238379704,0.036978674345666325
232,-1,task_available_time,<averaged>,N/A,coordinate a disaster relief effort,emergency_response,high,safety,high,coordination,high,multi_agent,N/A,N/A,4,days,original,numeric,4,4,days,<averaged>,0.131416837782,2112,-4.034330372964892,-22.614354383513746,9.51068399339548,-0.8813489872318736,0.03008850291117196
236,-1,task_available_time,<averaged>,N/A,coordinate a disaster relief effort,emergency_response,high,safety,high,coordination,high,multi_agent,N/A,N/A,5,days,original,numeric,5,5,days,<averaged>,0.164271047228,2112,-0.09583632988261974,-22.41022877746796,5.194951671511314,-0.7844389742224953,0.023186138742497992
240,-1,task_available_time,<averaged>,N/A,coordinate a disaster relief effort,emergency_response,high,safety,high,coordination,high,multi_agent,N/A,N/A,10,days,original,numeric,10,10,days,<averaged>,0.328542094456,2112,3.1195143675090207,-20.37144482371819,0.7489385977712926,-0.4834089785585141,0.02235473600854957
244,-1,task_available_time,<averaged>,N/A,coordinate a disaster relief effort,emergency_response,high,safety,high,coordination,high,multi_agent,N/A,N/A,20,days,original,numeric,20,20,days,<averaged>,0.657084188912,2112,6.696012756408556,-18.153549637476416,-4.493654103124295,-0.1823789828945329,0.022856961031758757
248,-1,task_available_time,<averaged>,N/A,coordinate a disaster relief effort,emergency_response,high,safety,high,coordination,high,multi_agent,N/A,N/A,30,days,original,numeric,30,30,days,<averaged>,0.985626283368,2112,8.415900449734236,-16.12084297506555,-5.244343441417232,-0.006287723838851701,0.024698912534380342
252,-1,task_available_time,<averaged>,N/A,coordinate a disaster relief effort,emergency_response,high,safety,high,coordination,high,multi_agent,N/A,N/A,50,days,original,numeric,50,50,days,<averaged>,1.642710472279,2112,10.23965746344795,-15.07870106033542,-7.43132581574019,0.21556102577724032,0.026012134651871213
260,-1,task_available_time,<averaged>,N/A,coordinate a disaster relief effort,emergency_response,high,safety,high,coordination,high,multi_agent,N/A,N/A,100,days,original,numeric,100,100,days,<averaged>,3.285420944559,2112,12.380811976112733,-10.507282134592815,-10.75067996114954,0.5165910214413537,0.029520619467903974
594,-1,task_available_time,<averaged>,N/A,create a single-page personal website,software_project,low,software,low,project,low,individual,N/A,N/A,1,hours,original,numeric,1,1,hour,<averaged>,0.001368925394,1056,-31.877768953095597,-12.25322974526901,20.70624344175869,-2.863620220132644,0.06920676032888237
598,-1,task_available_time,<averaged>,N/A,create a single-page personal website,software_project,low,software,low,project,low,individual,N/A,N/A,2,hours,original,numeric,2,2,hours,<averaged>,0.002737850787,1056,-24.389698473907963,-13.325413621608405,11.183137199899216,-2.562590224627289,0.06630076468605398
602,-1,task_available_time,<averaged>,N/A,create a single-page personal website,software_project,low,software,low,project,low,individual,N/A,N/A,3,hours,original,numeric,3,3,hours,<averaged>,0.004106776181,1056,-21.129768610243648,-13.626158744666322,7.175241172143339,-2.3864989655187325,0.06323455383436365
606,-1,task_available_time,<averaged>,N/A,create a single-page personal website,software_project,low,software,low,project,low,individual,N/A,N/A,4,hours,original,numeric,4,4,hours,<averaged>,0.005475701574,1056,-19.467530321727367,-11.127915972319698,1.7540084486755185,-2.261560228963308,0.06506064169451645
610,-1,task_available_time,<averaged>,N/A,create a single-page personal website,software_project,low,software,low,project,low,individual,N/A,N/A,5,hours,original,numeric,5,5,hours,<averaged>,0.006844626968,1056,-17.67669940067706,-11.817743500170947,1.548093011924749,-2.164650215923526,0.06528878937583614
614,-1,task_available_time,<averaged>,N/A,create a single-page personal website,software_project,low,software,low,project,low,individual,N/A,N/A,10,hours,original,numeric,10,10,hours,<averaged>,0.013689253936,1056,-12.635413236733521,-9.844275802125026,-5.230386334784988,-1.863620220259545,0.06483169398992734
618,-1,task_available_time,<averaged>,N/A,create a single-page personal website,software_project,low,software,low,project,low,individual,N/A,N/A,20,hours,original,numeric,20,20,hours,<averaged>,0.027378507871,1056,-9.244615000800689,-7.685142796254902,-9.506641228708771,-1.5625902246114265,0.06753600263378916
622,-1,task_available_time,<averaged>,N/A,create a single-page personal website,software_project,low,software,low,project,low,individual,N/A,N/A,30,hours,original,numeric,30,30,hours,<averaged>,0.041067761807,1056,-7.608422273385193,-5.719542143167246,-12.274958699060791,-1.3864989655504576,0.06869881976804118
626,-1,task_available_time,<averaged>,N/A,create a single-page personal website,software_project,low,software,low,project,low,individual,N/A,N/A,50,hours,original,numeric,50,50,hours,<averaged>,0.068446269678,1056,-3.8177817187818377,-4.054172210555024,-14.50203102755822,-1.1646502159362164,0.07191244637700521
630,-1,task_available_time,<averaged>,N/A,create a single-page personal website,software_project,low,software,low,project,low,individual,N/A,N/A,70,hours,original,numeric,70,70,hours,<averaged>,0.09582477755,1056,-2.7224717485193684,1.143264461524703,-20.004400349355123,-1.0185221802543525,0.07620053988874023
634,-1,task_available_time,<averaged>,N/A,create a single-page personal website,software_project,low,software,low,project,low,individual,N/A,N/A,100,hours,original,numeric,100,100,hours,<averaged>,0.136892539357,1056,-0.5547143357399257,1.2121706017973457,-18.42521071136479,-0.8636202202690627,0.07547035585813264
958,-1,task_available_time,<averaged>,N/A,design an institution for long-term stability and effectiveness,institution_design,high,civilization,high,strategic,high,organization,N/A,N/A,4,decades,original,numeric,4,4,decades,<averaged>,480.0,1320,40.86757963125211,12.442656496014088,5.897192963664208,2.681241237375587,0.06513284932406002
970,-1,task_available_time,<averaged>,N/A,design an institution for long-term stability and effectiveness,institution_design,high,civilization,high,strategic,high,organization,N/A,N/A,<averaged>,<averaged>,original,numeric,20,20,decades,<averaged>,2400.0,2112,43.599191414386404,25.010679637253492,8.969036060111133,3.380211241711606,0.043842348498300696
974,-1,task_available_time,<averaged>,N/A,design an institution for long-term stability and effectiveness,institution_design,high,civilization,high,strategic,high,organization,N/A,N/A,<averaged>,<averaged>,original,numeric,30,30,decades,<averaged>,3600.0,2112,43.83946770761998,32.60410763965551,7.960578248816215,3.5563025007672873,0.022586432754532145
978,-1,task_available_time,<averaged>,N/A,design an institution for long-term stability and effectiveness,institution_design,high,civilization,high,strategic,high,organization,N/A,N/A,<averaged>,<averaged>,original,numeric,50,50,decades,<averaged>,6000.0,2112,44.06981214724388,37.742228957233465,8.083907148850582,3.7781512503836434,0.013880008909081408
982,-1,task_available_time,<averaged>,N/A,design an institution for long-term stability and effectiveness,institution_design,high,civilization,high,strategic,high,organization,N/A,N/A,70,decades,original,numeric,70,70,decades,<averaged>,8400.0,1320,41.403773652879124,50.028528115333906,2.847318022171444,3.9242792860618816,0.045334525222894655
986,-1,task_available_time,<averaged>,N/A,design an institution for long-term stability and effectiveness,institution_design,high,civilization,high,strategic,high,organization,N/A,N/A,<averaged>,<averaged>,original,numeric,100,100,decades,<averaged>,12000.0,2112,44.2857280618019,42.6117146748441,8.258087096981113,4.079181246047625,0.016085559586915793
1090,-1,task_available_time,<averaged>,N/A,design and build a city resilient to natural disasters,resilient_infrastructure,very_high,infrastructure,very_high,systems,high,organization,N/A,N/A,4,centuries,original,numeric,4,4,centuries,<averaged>,4800.0,792,46.48670564554418,29.850488713050662,11.050794745479866,3.681241237375587,0.04754743499857798
1102,-1,task_available_time,<averaged>,N/A,design and build a city resilient to natural disasters,resilient_infrastructure,very_high,infrastructure,very_high,systems,high,organization,N/A,N/A,20,centuries,original,numeric,20,20,centuries,<averaged>,24000.0,792,45.632010121632845,47.33916284434615,8.939044976953689,4.380211241711606,0.024688432511398163
1106,-1,task_available_time,<averaged>,N/A,design and build a city resilient to natural disasters,resilient_infrastructure,very_high,infrastructure,very_high,systems,high,organization,N/A,N/A,30,centuries,original,numeric,30,30,centuries,<averaged>,36000.0,792,45.53408405124467,55.960949297049304,8.652582501186437,4.556302500767287,0.04541287659969657
1110,-1,task_available_time,<averaged>,N/A,design and build a city resilient to natural disasters,resilient_infrastructure,very_high,infrastructure,very_high,systems,high,organization,N/A,N/A,50,centuries,original,numeric,50,50,centuries,<averaged>,60000.0,792,46.06988078066734,54.718223756167255,8.633255265004866,4.778151250383644,0.03785203871432447
1114,-1,task_available_time,<averaged>,N/A,design and build a city resilient to natural disasters,resilient_infrastructure,very_high,infrastructure,very_high,systems,high,organization,N/A,N/A,70,centuries,original,numeric,70,70,centuries,<averaged>,84000.0,792,45.2980854118338,60.89086384691533,6.300177962190611,4.924279286061882,0.059601780982338495
1118,-1,task_available_time,<averaged>,N/A,design and build a city resilient to natural disasters,resilient_infrastructure,very_high,infrastructure,very_high,systems,high,organization,N/A,N/A,100,centuries,original,numeric,100,100,centuries,<averaged>,120000.0,792,46.398349201122215,54.16121211212267,9.144427212989285,5.079181246047625,0.040092223208700636
